"year","Coal","Gas","Oil","Cement, Flaring & Other Industry"
1870,529.404,,3.133,
1871,562.861,,3.282,
1872,622.674,,3.698,
1873,659.749,,5.67,
1874,616.754,,6.243,
1875,669.964,,5.835,
1876,679.017,,6.536,
1877,690.274,,8.824,
1878,694.339,,10.041,
1879,742.208,,12.66,
1880,838.34,,15.364,
1881,865.162,,17.242,
1882,912.817,0.165,18.939,
1883,974.149,0.381,16.502,
1884,982.679,1.172,18.323,
1885,986.996,3.715,18.959,
1886,995.975,7.676,21.824,
1887,1041.488,11.787,23.482,
1888,1150.917,16.774,24.581,
1889,1151.165,12.227,28.407,
1890,1252.118,11.688,34.651,
1891,1309.094,8.947,40.832,
1892,1322.106,7.775,40.207,
1893,1303.833,7.288,42.547,
1894,1352.458,6.698,41.702,
1895,1429.691,7.042,48.539,
1896,1474.281,6.848,52.571,
1897,1543.481,7.288,55.531,
1898,1628.632,8.46,57.173,
1899,1779.86,10.904,60.032,
1900,1873.357,11.542,67.31,
1901,1929.132,12.861,74.75,
1902,1973.178,13.696,80.808,
1903,2154.003,14.528,85.562,
1904,2166.664,15.165,96.083,
1905,2311.143,17.17,97.017,
1906,2415.683,19.027,97.893,
1907,2746.956,19.877,119.416,
1908,2626.02,19.676,128.759,
1909,2730.134,23.523,134.349,
1910,2862.583,24.915,143.839,
1911,2898.529,25.718,152.546,
1912,3047.94,28.315,156.759,
1913,3292.07,29.598,181.575,
1914,2961.773,30.136,185.583,
1915,2902.827,31.866,197.104,
1916,3129.373,38.377,214.632,
1917,3257.893,40.509,238.808,
1918,3209.469,36.519,244.605,
1919,2715.321,37.948,272.966,
1920,3125.927,41.685,350.954,
1921,2668.397,34.992,384.258,
1922,2770.67,40.107,426.345,
1923,3146.423,52.526,473.527,
1924,3152.649,59.709,470.812,
1925,3151.418,63.922,492.787,
1926,3081.757,69.144,490.648,
1927,3361.539,76.017,537.816,
1928,3305.359,82.623,549.539,
1929,3522.251,102.894,602.778,
1930,3214.073,104.224,578.598,
1931,2830.54,92.887,560.749,
1932,2519.949,88.218,536.592,
1933,2635.637,90.917,586.389,
1934,2878.248,101.949,620.413,
1935,2996.885,111.372,668.785,
1936,3285.172,125.529,729.131,
1937,3463.736,140.574,821.516,
1938,3228.046,135.493,796.989,
1939,3435.326,141.328,830.241,
1940,3794.017,153.515,872.467,
1941,3884.161,153.463,880.697,
1942,3909.448,166.049,835.716,
1943,3925.039,182.9,888.001,
1944,3867.923,197.601,1018.141,
1945,2998.27,216.697,1008.345,
1946,3234.314,223.834,1139.899,
1947,3621.548,247.888,1221.313,
1948,3739.455,280.122,1339.607,
1949,3546.31,300.454,1336.641,
1950,3856.215,353.156,1648.31,145.591
1951,4060.04,416.186,1742.354,161.215
1952,4009.059,447.085,1838.024,171.55999999999997
1953,4043.705,474.527,1952.1,177.431
1954,4039.512,501.35,2068.543,180.564
1955,4372.781,547.229,2311.864,211.36999999999998
1956,4597.137,587.229,2508.048,231.84
1957,4681.798,646.666,2621.266,235.81799999999998
1958,4754.382,705.825,2726.365,231.051
1959,4948.027,758.226,2904.649,245.31900000000002
1960,5152.558,834.527,3126.444,274.14
1961,4943.284,882.007,3313.503,279.666
1962,4928.785,967.683,3561.94,292.651
1963,5109.542,1046.822,3806.973,308.317
1964,5215.19,1152.86,4107.569,353.992
1965,5293.218,1230.538,4412.375,381.465
1966,5351.301,1339.839,4761.953,413.84000000000003
1967,5266.113,1432.946,5077.08,467.89099999999996
1968,5323.236,1559.571,5530.292,497.791
1969,5521.839,1708.518,5980.509,556.534
1970,5696.271,1790.679,6801.259,610.506
1971,5699.823,1933.313,7202.926,669.433
1972,5693.585,2052.041,7766.614,716.489
1973,5862.085,2203.89,8225.938,794.281
1974,5865.81,2258.999,8107.899,784.768
1975,6037.091,2255.543,8039.023,722.971
1976,6263.989,2386.85,8541.493,799.5540000000001
1977,6417.698,2441.085,8842.06,802.0029999999999
1978,6531.792,2550.346,9159.137,835.918
1979,6840.287,2688.997,9276.707,812.471
1980,7024.129,2758.101,8951.775,767.258
1981,7004.883,2794.347,8550.305,686.5830000000001
1982,7126.512,2731.273,8345.176,681.525
1983,7314.19,2760.542,8260.815,670.993
1984,7668.797,3010.426,8328.841,656.6899999999999
1985,8217.823,3121.401,8326.771,659.4910000000001
1986,8335.814,3045.544,8576.334,669.666
1987,8617.361,3305.28,8654.659,696.605
1988,8910.819,3466.022,8972.672,758.281
1989,8909.616,3639.817,9130.08,730.8890000000001
1990,8688.659,3833.133,9249.362,986.324
1991,8604.035,3909.677,9723.43,1007.6639999999999
1992,8399.007,3958.12,9226.139,996.758
1993,8500.946,4067.061,9232.772,1012.12
1994,8548.629,4102.083,9265.657,1053.13
1995,8793.981,4209.968,9363.846,1090.918
1996,9015.794,4395.992,9643.209,1104.3880000000001
1997,8967.54,4412.478,9786.86,1135.704
1998,8725.984,4484.475,9883.467,1119.333
1999,8855.188,4621.802,10112.427,1142.971
2000,9203.117,4731.291,10302.091,1217.122
2001,9255.257,4773.585,10390.669,1248.538
2002,9678.959,4905.854,10385.864,1310.36
2003,10518.464,5081.468,10679.654,1372.011
2004,10871.584,5257.19,11042.505,1465.4160000000002
2005,11543.335,5380.666,11139.399,1551.202
2006,12188.84,5506.809,11246.321,1651.146
2007,12776.36,5694.134,11283.665,1752.629
2008,13192.797,5864.291,11251.325,1777.4230000000002
2009,13016.428,5751.954,10996.948,1798.7
2010,13926.621,6195.344,11359.883,1882.4989999999998
2011,14737.126,6366.902,11388.086,1994.899
2012,14922.76,6500.594,11541.707,2041.206
2013,15024.486,6542.527,11626.445,2125.742
2014,15051.513,6654.555,11678.782,2192.684
2015,14710.088,6788.074,11929.665,2130.7389999999996
2016,14360.605,6973.649,12023.833,2166.1059999999998
2017,14506.974,7144.928,12242.628,2202.209
2018,14746.831,7529.847,12266.017,2283.813
2019,14725.978,7647.528,12345.653,2363.4
2020,14174.564,7556.29,11191.809,2341.4230000000002
2021,14979.598,7921.83,11837.159,2385.264